{
  "hash": "502c6a6e",
  "configHash": "66392dc0",
  "lockfileHash": "39b19f14",
  "browserHash": "f763f8ac",
  "optimized": {
    "@angular/core": {
      "src": "../../../../../node_modules/@angular/core/fesm2022/core.mjs",
      "file": "@angular_core.js",
      "fileHash": "1516b87c",
      "needsInterop": false
    },
    "@angular/platform-browser": {
      "src": "../../../../../node_modules/@angular/platform-browser/fesm2022/platform-browser.mjs",
      "file": "@angular_platform-browser.js",
      "fileHash": "001585e3",
      "needsInterop": false
    },
    "@angular/router": {
      "src": "../../../../../node_modules/@angular/router/fesm2022/router.mjs",
      "file": "@angular_router.js",
      "fileHash": "238b83b6",
      "needsInterop": false
    }
  },
  "chunks": {
    "chunk-POOJNX7P": {
      "file": "chunk-POOJNX7P.js"
    },
    "chunk-H4B2EABD": {
      "file": "chunk-H4B2EABD.js"
    }
  }
}